idindonesia,tanggal,countryregion,confirmed,deaths,recovered,treated,daily_confirmed,daily_deaths,daily_recovered
17,2020-03-02,Indonesia,2,0,0,2,2,0,0
18,2020-03-03,Indonesia,2,0,0,2,0,0,0
19,2020-03-04,Indonesia,2,0,0,2,0,0,0
20,2020-03-05,Indonesia,2,0,0,2,0,0,0
21,2020-03-06,Indonesia,4,0,0,4,2,0,0
22,2020-03-07,Indonesia,4,0,0,4,0,0,0
23,2020-03-08,Indonesia,6,0,0,6,2,0,0
24,2020-03-09,Indonesia,19,0,0,19,13,0,0
25,2020-03-10,Indonesia,27,0,2,25,8,0,2
26,2020-03-11,Indonesia,34,1,2,31,7,1,0
27,2020-03-12,Indonesia,34,1,2,31,0,0,0
28,2020-03-13,Indonesia,69,4,2,63,35,3,0
29,2020-03-14,Indonesia,96,5,8,83,27,1,6
30,2020-03-15,Indonesia,117,5,8,104,21,0,0
31,2020-03-16,Indonesia,134,5,8,121,17,0,0
32,2020-03-17,Indonesia,172,5,8,159,38,0,0
33,2020-03-18,Indonesia,227,19,11,197,55,14,3
34,2020-03-19,Indonesia,311,25,11,275,84,6,0
35,2020-03-20,Indonesia,369,32,15,322,58,7,4
36,2020-03-21,Indonesia,450,38,15,397,81,6,0
37,2020-03-22,Indonesia,514,48,29,437,64,10,14
38,2020-03-23,Indonesia,579,49,30,500,65,1,1
39,2020-03-24,Indonesia,686,55,30,601,107,6,0
40,2020-03-25,Indonesia,790,58,31,701,104,3,1
41,2020-03-26,Indonesia,893,78,35,780,103,20,4
42,2020-03-27,Indonesia,1046,87,46,913,153,9,11
43,2020-03-28,Indonesia,1155,102,59,994,109,15,13
44,2020-03-29,Indonesia,1285,114,64,1107,130,12,5
45,2020-03-30,Indonesia,1414,122,75,1217,129,8,11
46,2020-03-31,Indonesia,1528,136,81,1311,114,14,6
47,2020-04-01,Indonesia,1677,157,103,1417,149,21,22
48,2020-04-02,Indonesia,1790,170,112,1508,113,13,9
49,2020-04-03,Indonesia,1986,181,134,1671,196,11,22
50,2020-04-04,Indonesia,2092,191,150,1751,106,10,16
51,2020-04-05,Indonesia,2273,198,164,1911,181,7,14
52,2020-04-06,Indonesia,2491,209,192,2090,218,11,28
53,2020-04-07,Indonesia,2738,221,204,2313,247,12,12
54,2020-04-08,Indonesia,2956,240,222,2494,218,19,18
55,2020-04-09,Indonesia,3293,280,252,2761,337,40,30
56,2020-04-10,Indonesia,3512,306,282,2924,219,26,30
57,2020-04-11,Indonesia,3842,327,286,3229,330,21,4
58,2020-04-12,Indonesia,4241,373,359,3509,399,46,73
59,2020-04-13,Indonesia,4557,399,380,3778,316,26,21
60,2020-04-14,Indonesia,4839,459,426,3954,282,60,46
61,2020-04-15,Indonesia,5136,469,446,4221,297,10,20
62,2020-04-16,Indonesia,5516,496,548,4472,380,27,102
63,2020-04-17,Indonesia,5923,520,607,4796,407,24,59
64,2020-04-18,Indonesia,6248,535,631,5082,325,15,24
65,2020-04-19,Indonesia,6575,582,686,5307,327,47,55
66,2020-04-20,Indonesia,6760,590,747,5423,185,8,61
67,2020-04-21,Indonesia,7135,616,842,5677,375,26,95
68,2020-04-22,Indonesia,7418,635,913,5870,283,19,71
69,2020-04-23,Indonesia,7775,647,960,6168,357,12,47
70,2020-04-24,Indonesia,8211,689,1002,6520,436,42,42
71,2020-04-25,Indonesia,8607,720,1042,6845,396,31,40
72,2020-04-26,Indonesia,8882,743,1107,7032,275,23,65
73,2020-04-27,Indonesia,9096,765,1151,7180,214,22,44
74,2020-04-28,Indonesia,9511,773,1254,7484,415,8,103
75,2020-04-29,Indonesia,9771,784,1391,7596,260,11,137
76,2020-04-30,Indonesia,10118,792,1522,7804,347,8,131
77,2020-05-01,Indonesia,10551,800,1591,8160,433,8,69
78,2020-05-02,Indonesia,10843,831,1665,8347,292,31,74
79,2020-05-03,Indonesia,11192,845,1876,8471,349,14,211
80,2020-05-04,Indonesia,11587,864,1954,8769,395,19,78
81,2020-05-05,Indonesia,12071,872,2197,9002,484,8,243
82,2020-05-06,Indonesia,12438,895,2317,9226,367,23,120
83,2020-05-07,Indonesia,12776,930,2381,9465,338,35,64
84,2020-05-08,Indonesia,13112,943,2494,9675,336,13,113
85,2020-05-09,Indonesia,13645,959,2607,10079,533,16,113
86,2020-05-10,Indonesia,14032,973,2698,10361,387,14,91
87,2020-05-11,Indonesia,14265,991,2881,10393,233,18,183
88,2020-05-12,Indonesia,14749,1007,3063,10679,484,16,182
89,2020-05-13,Indonesia,15438,1028,3287,11123,689,21,224
90,2020-05-14,Indonesia,16006,1043,3518,11445,568,15,231
91,2020-05-15,Indonesia,16496,1076,3803,11617,490,33,285
92,2020-05-16,Indonesia,17025,1089,3911,12025,529,13,108
93,2020-05-17,Indonesia,17514,1148,4129,12237,489,59,218
94,2020-05-18,Indonesia,18010,1191,4324,12495,496,43,195
95,2020-05-19,Indonesia,18496,1221,4467,12808,486,30,143
96,2020-05-20,Indonesia,19189,1242,4575,13372,693,21,108
97,2020-05-21,Indonesia,20162,1278,4838,14046,973,36,263
98,2020-05-22,Indonesia,20796,1326,5057,14413,634,48,219
99,2020-05-23,Indonesia,21745,1351,5249,15145,949,25,192
100,2020-05-24,Indonesia,22271,1372,5402,15497,526,21,153
101,2020-05-25,Indonesia,22750,1391,5642,15717,479,19,240
102,2020-05-26,Indonesia,23165,1418,5877,15870,415,27,235
103,2020-05-27,Indonesia,23851,1473,6057,16321,686,55,180
104,2020-05-28,Indonesia,24538,1496,6240,16802,687,23,183
105,2020-05-29,Indonesia,25216,1520,6492,17204,678,24,252
106,2020-05-30,Indonesia,25773,1573,7015,17185,557,53,523
107,2020-05-31,Indonesia,26473,1613,7308,17552,700,40,293
108,2020-06-01,Indonesia,26940,1641,7637,17662,467,28,329
109,2020-06-02,Indonesia,27549,1663,7935,17951,609,22,298
110,2020-06-03,Indonesia,28233,1698,8406,18129,684,35,471
111,2020-06-04,Indonesia,28818,1721,8892,18205,585,23,486
112,2020-06-05,Indonesia,29521,1770,9443,18308,703,49,551
113,2020-06-06,Indonesia,30514,1801,9907,18806,993,31,464
114,2020-06-07,Indonesia,31186,1851,10498,18837,672,50,591
115,2020-06-08,Indonesia,32033,1883,10904,19246,847,32,406
116,2020-06-09,Indonesia,33076,1923,11414,19739,1043,40,510
117,2020-06-10,Indonesia,34316,1959,12129,20228,1240,36,715
118,2020-06-11,Indonesia,35295,2000,12636,20659,979,41,507
119,2020-06-12,Indonesia,36406,2048,13213,21145,1111,48,577
120,2020-06-13,Indonesia,37420,2091,13776,21553,1014,43,563
121,2020-06-14,Indonesia,38277,2134,14531,21612,857,43,755
122,2020-06-15,Indonesia,39294,2198,15123,21973,1017,64,592
123,2020-06-16,Indonesia,40400,2231,15703,22466,1106,33,580
124,2020-06-17,Indonesia,41431,2276,16243,22912,1031,45,540
125,2020-06-18,Indonesia,42762,2339,16798,23625,1331,63,555
126,2020-06-19,Indonesia,43803,2373,17349,24081,1041,34,551
127,2020-06-20,Indonesia,45029,2429,17883,24717,1226,56,534
128,2020-06-21,Indonesia,45891,2465,18404,25022,862,36,521
129,2020-06-22,Indonesia,46845,2500,18735,25610,954,35,331
130,2020-06-23,Indonesia,47896,2535,19241,26120,1051,35,506
131,2020-06-24,Indonesia,49009,2573,19658,26778,1113,38,417
132,2020-06-25,Indonesia,50187,2620,20449,27118,1178,47,791
133,2020-06-26,Indonesia,51427,2683,21333,27411,1240,63,884
134,2020-06-27,Indonesia,52812,2720,21909,28183,1385,37,576
135,2020-06-28,Indonesia,54010,2754,22936,28320,1198,34,1027
136,2020-06-29,Indonesia,55092,2805,23800,28487,1082,51,864
137,2020-06-30,Indonesia,56385,2876,24806,28703,1293,71,1006
138,2020-07-01,Indonesia,57770,2934,25595,29241,1385,58,789
139,2020-07-02,Indonesia,59394,2987,26667,29740,1624,53,1072
140,2020-07-03,Indonesia,60695,3036,27568,30091,1301,49,901
141,2020-07-04,Indonesia,62142,3089,28219,30834,1447,53,651
142,2020-07-05,Indonesia,63749,3171,29105,31473,1607,82,886
143,2020-07-06,Indonesia,64958,3241,29919,31798,1209,70,814
144,2020-07-07,Indonesia,66226,3309,30785,32132,1268,68,866
145,2020-07-08,Indonesia,68079,3359,31585,33135,1853,50,800
146,2020-07-09,Indonesia,70736,3417,32651,34668,2657,58,1066
147,2020-07-10,Indonesia,72347,3469,33529,35349,1611,52,878
148,2020-07-11,Indonesia,74018,3535,34719,35764,1671,66,1190
149,2020-07-12,Indonesia,75699,3606,35638,36455,1681,71,919
150,2020-07-13,Indonesia,76981,3656,36689,36636,1282,50,1051
151,2020-07-14,Indonesia,78572,3710,37636,37226,1591,54,947
152,2020-07-15,Indonesia,80094,3797,39050,37247,1522,87,1414
153,2020-07-16,Indonesia,81668,3873,40345,37450,1574,76,1295
154,2020-07-17,Indonesia,83130,3957,41834,37339,1462,84,1489
155,2020-07-18,Indonesia,84882,4016,43268,37598,1752,59,1434
156,2020-07-19,Indonesia,86521,4143,45401,36977,1639,127,2133
157,2020-07-20,Indonesia,88214,4239,46977,36998,1693,96,1576
158,2020-07-21,Indonesia,89869,4320,48466,37083,1655,81,1489
159,2020-07-22,Indonesia,91751,4459,50255,37037,1882,139,1789
160,2020-07-23,Indonesia,93657,4576,52164,36917,1906,117,1909
161,2020-07-24,Indonesia,95418,4665,53945,36808,1761,89,1781
162,2020-07-25,Indonesia,97286,4714,55354,37218,1868,49,1409
163,2020-07-26,Indonesia,98778,4781,56655,37342,1492,67,1301
164,2020-07-27,Indonesia,100303,4838,58173,37292,1525,57,1518
165,2020-07-28,Indonesia,102051,4901,60539,36611,1748,63,2366
166,2020-07-29,Indonesia,104432,4975,62138,37319,2381,74,1599
167,2020-07-30,Indonesia,106336,5058,64292,36986,1904,83,2154
168,2020-07-31,Indonesia,108376,5131,65907,37338,2040,73,1615
169,2020-08-01,Indonesia,109936,5193,67919,36824,1560,62,2012
170,2020-08-02,Indonesia,111455,5236,68975,37244,1519,43,1056
171,2020-08-03,Indonesia,113134,5302,70237,37595,1679,66,1262
172,2020-08-04,Indonesia,115056,5388,72050,37618,1922,86,1813
173,2020-08-05,Indonesia,116871,5452,73889,37530,1815,64,1839
174,2020-08-06,Indonesia,118753,5521,75645,37587,1882,69,1756
175,2020-08-07,Indonesia,121226,5593,77557,38076,2473,72,1912
176,2020-08-08,Indonesia,123503,5658,79306,38539,2277,65,1749
177,2020-08-09,Indonesia,125396,5723,80952,38721,1893,65,1646
178,2020-08-10,Indonesia,127083,5765,82236,39082,1687,42,1284
179,2020-08-11,Indonesia,128776,5824,83710,39242,1693,59,1474
180,2020-08-12,Indonesia,130718,5903,85798,39017,1942,79,2088
181,2020-08-13,Indonesia,132816,5968,87558,39290,2098,65,1760
182,2020-08-14,Indonesia,135123,6021,89618,39484,2307,53,2060
183,2020-08-15,Indonesia,137468,6071,91321,40076,2345,50,1703
184,2020-08-16,Indonesia,139549,6150,93103,40296,2081,79,1782
185,2020-08-17,Indonesia,141370,6207,94458,40705,1821,57,1355
186,2020-08-18,Indonesia,143043,6277,96306,40460,1673,70,1848
187,2020-08-19,Indonesia,144945,6346,98657,39942,1902,69,2351
188,2020-08-20,Indonesia,147211,6418,100674,40119,2266,72,2017
189,2020-08-21,Indonesia,149408,6500,102991,39917,2197,82,2317
190,2020-08-22,Indonesia,151498,6594,105198,39706,2090,94,2207
191,2020-08-23,Indonesia,153535,6680,107500,39355,2037,86,2302
192,2020-08-24,Indonesia,155412,6759,111060,37593,1877,79,3560
193,2020-08-25,Indonesia,157859,6858,112867,38134,2447,99,1807
194,2020-08-26,Indonesia,160165,6944,115409,37812,2306,86,2542
195,2020-08-27,Indonesia,162884,7064,118575,37245,2719,120,3166
196,2020-08-28,Indonesia,165887,7169,120900,37818,3003,105,2325
197,2020-08-29,Indonesia,169195,7261,122802,39132,3308,92,1902
198,2020-08-30,Indonesia,172053,7343,124185,40525,2858,82,1383
199,2020-08-31,Indonesia,174796,7417,125959,41420,2743,74,1774
200,2020-09-01,Indonesia,177571,7505,128057,42009,2775,88,2098
201,2020-09-02,Indonesia,180646,7616,129971,43059,3075,111,1914
202,2020-09-03,Indonesia,184268,7750,132055,44463,3622,134,2084
203,2020-09-04,Indonesia,187537,7832,134181,45524,3269,82,2126
204,2020-09-05,Indonesia,190665,7940,136401,46324,3128,108,2220
205,2020-09-06,Indonesia,194109,8025,138575,47509,3444,85,2174
206,2020-09-07,Indonesia,196989,8130,140652,48207,2880,105,2077
207,2020-09-08,Indonesia,200035,8230,142958,48847,3046,100,2306
208,2020-09-09,Indonesia,203342,8336,145200,49806,3307,106,2242
209,2020-09-10,Indonesia,207203,8456,147510,51237,3861,120,2310
210,2020-09-11,Indonesia,210940,8544,150217,52179,3737,88,2707
211,2020-09-12,Indonesia,214746,8650,152458,53638,3806,106,2241
212,2020-09-13,Indonesia,218382,8723,155010,54649,3636,73,2552
213,2020-09-14,Indonesia,221523,8841,158405,54277,3141,118,3395
214,2020-09-15,Indonesia,225030,8965,161065,55000,3507,124,2660
215,2020-09-16,Indonesia,228993,9100,164101,55792,3963,135,3036
216,2020-09-17,Indonesia,232628,9222,166686,56720,3635,122,2585
217,2020-09-18,Indonesia,236519,9336,170774,56409,3891,114,4088
218,2020-09-19,Indonesia,240687,9448,174350,56889,4168,112,3576
219,2020-09-20,Indonesia,244676,9553,177327,57796,3989,105,2977
220,2020-09-21,Indonesia,248852,9677,180797,58378,4176,124,3470
221,2020-09-22,Indonesia,252923,9837,184298,58788,4071,160,3501
222,2020-09-23,Indonesia,257388,9977,187958,59453,4465,140,3660
223,2020-09-24,Indonesia,262022,10105,191853,60064,4634,128,3895
224,2020-09-25,Indonesia,266845,10218,196196,60431,4823,113,4343
225,2020-09-26,Indonesia,271339,10308,199403,61628,4494,90,3207
226,2020-09-27,Indonesia,275213,10386,203014,61813,3874,78,3611
227,2020-09-28,Indonesia,278722,10473,206870,61379,3509,87,3856
228,2020-09-29,Indonesia,282724,10601,210437,61686,4002,128,3567
229,2020-09-30,Indonesia,287008,10740,214947,61321,4284,139,4510
230,2020-10-01,Indonesia,291182,10856,218487,61839,4174,116,3540
231,2020-10-02,Indonesia,295499,10972,221340,63187,4317,116,2853
232,2020-10-03,Indonesia,299506,11055,225052,63399,4007,83,3712
233,2020-10-04,Indonesia,303498,11151,228453,63894,3992,96,3401
234,2020-10-05,Indonesia,307120,11253,232593,63274,3622,102,4140
235,2020-10-06,Indonesia,311176,11374,236437,63365,4056,121,3844
236,2020-10-07,Indonesia,315714,11472,240291,63951,4538,98,3854
237,2020-10-08,Indonesia,320564,11580,244060,64924,4850,108,3769
238,2020-10-09,Indonesia,324658,11677,247667,65314,4094,97,3607
239,2020-10-10,Indonesia,328952,11765,251481,65706,4294,88,3814
240,2020-10-11,Indonesia,333449,11844,255027,66578,4497,79,3546
241,2020-10-12,Indonesia,336716,11935,258519,66262,3267,91,3492
242,2020-10-13,Indonesia,340622,12027,263296,65299,3906,92,4777
243,2020-10-14,Indonesia,344749,12156,267851,64742,4127,129,4555
244,2020-10-15,Indonesia,349160,12268,273661,63231,4411,112,5810
245,2020-10-16,Indonesia,353461,12347,277544,63570,4301,79,3883
246,2020-10-17,Indonesia,357762,12431,281592,63739,4301,84,4048
247,2020-10-18,Indonesia,361867,12511,285324,64032,4105,80,3732
248,2020-10-19,Indonesia,365240,12617,289243,63380,3373,106,3919
249,2020-10-20,Indonesia,368842,12734,293653,62455,3602,117,4410
250,2020-10-21,Indonesia,373109,12857,297509,62743,4267,123,3856
251,2020-10-22,Indonesia,377541,12959,301006,63576,4432,102,3497
252,2020-10-23,Indonesia,381910,13077,305100,63733,4369,118,4094
253,2020-10-24,Indonesia,385980,13205,309219,63556,4070,128,4119
254,2020-10-25,Indonesia,389712,13299,313764,62649,3732,94,4545
255,2020-10-26,Indonesia,392934,13411,317672,61851,3222,112,3908
256,2020-10-27,Indonesia,396454,13512,322248,60694,3520,101,4576
257,2020-10-28,Indonesia,400483,13612,325793,61078,4029,100,3545
258,2020-10-29,Indonesia,404048,13701,329778,60569,3565,89,3985
259,2020-10-30,Indonesia,406945,13782,334295,58868,2897,81,4517
260,2020-10-31,Indonesia,410088,13869,337801,58418,3143,87,3506
261,2020-11-01,Indonesia,412784,13943,341942,56899,2696,74,4141
262,2020-11-02,Indonesia,415402,14044,345566,55792,2618,101,3624
263,2020-11-03,Indonesia,418375,14146,349497,54732,2973,102,3931
264,2020-11-04,Indonesia,421731,14259,353282,54190,3356,113,3785
265,2020-11-05,Indonesia,425796,14348,357142,54306,4065,89,3860
266,2020-11-06,Indonesia,429574,14442,360705,54427,3778,94,3563
267,2020-11-07,Indonesia,433836,14540,364417,54879,4262,98,3712
268,2020-11-08,Indonesia,437716,14614,368298,54804,3880,74,3881
269,2020-11-09,Indonesia,440569,14689,372266,53614,2853,75,3968
270,2020-11-10,Indonesia,444348,14761,375741,53846,3779,72,3475
271,2020-11-11,Indonesia,448118,14836,378982,54300,3770,75,3241
272,2020-11-12,Indonesia,452291,14933,382084,55274,4173,97,3102
273,2020-11-13,Indonesia,457735,15037,385094,57604,5444,104,3010
274,2020-11-14,Indonesia,463007,15148,388094,59765,5272,111,3000
275,2020-11-15,Indonesia,467113,15211,391991,59911,4106,63,3897
276,2020-11-16,Indonesia,470648,15296,395443,59909,3535,85,3452
277,2020-11-17,Indonesia,474455,15393,398636,60426,3807,97,3193
278,2020-11-18,Indonesia,478720,15503,402347,60870,4265,110,3711
279,2020-11-19,Indonesia,483518,15600,406612,61306,4798,97,4265
280,2020-11-20,Indonesia,488310,15678,410552,62080,4792,78,3940
281,2020-11-21,Indonesia,493308,15774,413955,63579,4998,96,3403
282,2020-11-22,Indonesia,497668,15884,418188,63596,4360,110,4233
283,2020-11-23,Indonesia,502110,16002,422386,63722,4442,118,4198
284,2020-11-24,Indonesia,506302,16111,425313,64878,4192,109,2927
285,2020-11-25,Indonesia,511836,16225,429807,65804,5534,114,4494
286,2020-11-26,Indonesia,516753,16352,433649,66752,4917,127,3842
287,2020-11-27,Indonesia,522581,16521,437456,68604,5828,169,3807
288,2020-11-28,Indonesia,527999,16646,441983,69370,5418,125,4527
289,2020-11-29,Indonesia,534266,16815,445793,71658,6267,169,3810
290,2020-11-30,Indonesia,538883,16945,450518,71420,4617,130,4725
291,2020-12-01,Indonesia,543975,17081,454879,72015,5092,136,4361
292,2020-12-02,Indonesia,549508,17199,458880,73429,5533,118,4001
293,2020-12-03,Indonesia,557877,17355,462553,77969,8369,156,3673
294,2020-12-04,Indonesia,563680,17479,466178,80023,5803,124,3625
295,2020-12-05,Indonesia,569707,17589,470449,81669,6027,110,4271
296,2020-12-06,Indonesia,575796,17740,474771,83285,6089,151,4322
297,2020-12-07,Indonesia,581550,17867,479202,84481,5754,127,4431
298,2020-12-08,Indonesia,586842,18000,483497,85345,5292,133,4295
299,2020-12-09,Indonesia,592900,18171,487445,87284,6058,171,3948
300,2020-12-10,Indonesia,598933,18336,491975,88622,6033,165,4530
301,2020-12-11,Indonesia,605243,18511,496886,89846,6310,175,4911
302,2020-12-12,Indonesia,611631,18653,501376,91602,6388,142,4490
303,2020-12-13,Indonesia,617820,18819,505836,93165,6189,166,4460
304,2020-12-14,Indonesia,623309,18956,510957,93396,5489,137,5121
305,2020-12-15,Indonesia,629429,19111,516656,93662,6120,155,5699
306,2020-12-16,Indonesia,636154,19248,521984,94922,6725,137,5328
307,2020-12-17,Indonesia,643508,19390,526979,97139,7354,142,4995
308,2020-12-18,Indonesia,650197,19514,531995,98688,6689,124,5016
309,2020-12-19,Indonesia,657948,19659,536260,102029,7751,145,4265
310,2020-12-20,Indonesia,664930,19880,541811,103239,6982,221,5551
311,2020-12-21,Indonesia,671778,20085,546884,104809,6848,205,5073
312,2020-12-22,Indonesia,678125,20257,552722,105146,6347,172,5838
313,2020-12-23,Indonesia,685639,20408,558703,106528,7514,151,5981
314,2020-12-24,Indonesia,692838,20589,563980,108269,7199,181,5277
315,2020-12-25,Indonesia,700097,20847,570304,108946,7259,258,6324
316,2020-12-26,Indonesia,706837,20994,576693,109150,6740,147,6389
317,2020-12-27,Indonesia,713365,21237,583676,108452,6528,243,6983
318,2020-12-28,Indonesia,719219,21452,589978,107789,5854,215,6302
319,2020-12-29,Indonesia,727122,21703,596783,108636,7903,251,6805
320,2020-12-30,Indonesia,735124,21944,603741,109439,8002,241,6958
321,2020-12-31,Indonesia,743198,22138,611097,109963,8074,194,7356
322,2021-01-01,Indonesia,751270,22329,617936,111005,8072,191,6839
323,2021-01-02,Indonesia,758473,22555,625518,110400,7203,226,7582
324,2021-01-03,Indonesia,765350,22734,631937,110679,6877,179,6419
325,2021-01-04,Indonesia,772103,22911,639103,110089,6753,177,7166
326,2021-01-05,Indonesia,779548,23109,645746,110693,7445,198,6643
327,2021-01-06,Indonesia,788402,23296,652513,112593,8854,187,6767
328,2021-01-07,Indonesia,797723,23520,659437,114766,9321,224,6924
329,2021-01-08,Indonesia,808340,23753,666883,117704,10617,233,7446
330,2021-01-09,Indonesia,818386,23947,673511,120928,10046,194,6628
331,2021-01-10,Indonesia,828026,24129,681024,122873,9640,182,7513
332,2021-01-11,Indonesia,836718,24343,688739,123636,8692,214,7715
333,2021-01-12,Indonesia,846765,24645,695807,126313,10047,302,7068
334,2021-01-13,Indonesia,858043,24951,703464,129628,11278,306,7657
335,2021-01-14,Indonesia,869600,25246,711205,133149,11557,295,7741
336,2021-01-15,Indonesia,882418,25484,718696,138238,12818,238,7491
337,2021-01-16,Indonesia,896642,25767,727358,143517,14224,283,8662
338,2021-01-17,Indonesia,907929,25987,736460,145482,11287,220,9102
339,2021-01-18,Indonesia,917015,26282,745935,144798,9086,295,9475
340,2021-01-19,Indonesia,927380,26590,753948,146842,10365,308,8013
341,2021-01-20,Indonesia,939948,26857,763703,149388,12568,267,9755
342,2021-01-21,Indonesia,951651,27203,772790,151658,11703,346,9087
343,2021-01-22,Indonesia,965283,27453,781147,156683,13632,250,8357
344,2021-01-23,Indonesia,977474,27664,791059,158751,12191,211,9912
345,2021-01-24,Indonesia,989262,27835,798810,162617,11788,171,7751
346,2021-01-25,Indonesia,999256,28132,809488,161636,9994,297,10678
347,2021-01-26,Indonesia,1012350,28468,820356,163526,13094,336,10868
348,2021-01-27,Indonesia,1024298,28855,831330,164113,11948,387,10974
349,2021-01-28,Indonesia,1037993,29331,842122,166540,13695,476,10792
350,2021-01-29,Indonesia,1051795,29518,852260,170017,13802,187,10138
351,2021-01-30,Indonesia,1066313,29728,862502,174083,14518,210,10242
352,2021-01-31,Indonesia,1078314,29998,873221,175095,12001,270,10719
353,2021-02-01,Indonesia,1089308,30277,883682,175349,10994,279,10461
354,2021-02-02,Indonesia,1099687,30581,896530,172576,10379,304,12848
355,2021-02-03,Indonesia,1111671,30770,905665,175236,11984,189,9135
356,2021-02-04,Indonesia,1123105,31001,917306,174798,11434,231,11641
357,2021-02-05,Indonesia,1134854,31202,926980,176672,11749,201,9674
358,2021-02-06,Indonesia,1147010,31393,939184,176433,12156,191,12204
359,2021-02-07,Indonesia,1157837,31556,949990,176291,10827,163,10806
360,2021-02-08,Indonesia,1166079,31763,963028,171288,8242,207,13038
361,2021-02-09,Indonesia,1174779,31976,973452,169351,8700,213,10424
362,2021-02-10,Indonesia,1183555,32167,982972,168416,8776,191,9520
363,2021-02-11,Indonesia,1191990,32381,993117,166492,8435,214,10145
364,2021-02-12,Indonesia,1201859,32656,1004117,165086,9869,275,11000
365,2021-02-13,Indonesia,1210703,32936,1016036,161731,8844,280,11919
366,2021-02-14,Indonesia,1217468,33183,1025273,159012,6765,247,9237
367,2021-02-15,Indonesia,1223930,33367,1032065,158498,6462,184,6792
368,2021-02-16,Indonesia,1233959,33596,1039674,160689,10029,229,7609
369,2021-02-17,Indonesia,1243646,33788,1047676,162182,9687,192,8002
370,2021-02-18,Indonesia,1252685,33969,1058222,160494,9039,181,10546
371,2021-02-19,Indonesia,1263299,34152,1069005,160142,10614,183,10783
372,2021-02-20,Indonesia,1271353,34316,1078840,158197,8054,164,9835
373,2021-02-21,Indonesia,1278653,34489,1087076,157088,7300,173,8236
374,2021-02-22,Indonesia,1288833,34691,1096994,157148,10180,202,9918
375,2021-02-23,Indonesia,1298608,35014,1104990,158604,9775,323,7996
376,2021-02-24,Indonesia,1306141,35254,1112725,158162,7533,240,7735
377,2021-02-25,Indonesia,1314634,35518,1121411,157705,8493,264,8686
378,2021-02-26,Indonesia,1322866,35786,1128672,158408,8232,268,7261
379,2021-02-27,Indonesia,1329074,35981,1136054,157039,6208,195,7382
380,2021-02-28,Indonesia,1334634,36166,1142703,155765,5560,185,6649
381,2021-03-01,Indonesia,1341314,36325,1151915,153074,6680,159,9212
382,2021-03-02,Indonesia,1347026,36518,1160863,149645,5712,193,8948
383,2021-03-03,Indonesia,1353834,36721,1169916,147197,6808,203,9053
384,2021-03-04,Indonesia,1361098,36897,1176356,147845,7264,176,6440
385,2021-03-05,Indonesia,1368069,37026,1182687,148356,6971,129,6331
386,2021-03-06,Indonesia,1373836,37154,1189510,147172,5767,128,6823
387,2021-03-07,Indonesia,1379662,37266,1194656,147740,5826,112,5146
388,2021-03-08,Indonesia,1386556,37547,1203381,145628,6894,281,8725
389,2021-03-09,Indonesia,1392945,37757,1210877,144311,6389,210,7496
390,2021-03-10,Indonesia,1398578,37932,1216433,144213,5633,175,5556
391,2021-03-11,Indonesia,1403722,38049,1224603,141070,5144,117,8170
392,2021-03-12,Indonesia,1410134,38229,1231454,140451,6412,180,6851
393,2021-03-13,Indonesia,1414741,38329,1237470,138942,4607,100,6016
394,2021-03-14,Indonesia,1419455,38426,1243117,137912,4714,97,5647
395,2021-03-15,Indonesia,1425044,38573,1249947,136524,5589,147,6830
396,2021-03-16,Indonesia,1430458,38753,1257663,134042,5414,180,7716
397,2021-03-17,Indonesia,1437283,38915,1266673,131695,6825,162,9010
398,2021-03-18,Indonesia,1443853,39142,1272958,131753,6570,227,6285
399,2021-03-19,Indonesia,1450132,39339,1278965,131828,6279,197,6007
400,2021-03-20,Indonesia,1455788,39447,1284725,131616,5656,108,5760
401,2021-03-21,Indonesia,1460184,39550,1290790,129844,4396,103,6065
402,2021-03-22,Indonesia,1465928,39711,1297967,128250,5744,161,7177
403,2021-03-23,Indonesia,1471225,39865,1304921,126439,5297,154,6954
404,2021-03-24,Indonesia,1476452,39983,1312543,123926,5227,118,7622
405,2021-03-25,Indonesia,1482559,40081,1317199,125279,6107,98,4656
406,2021-03-26,Indonesia,1487541,40166,1322878,124497,4982,85,5679
407,2021-03-27,Indonesia,1492002,40364,1327121,124517,4461,198,4243
408,2021-03-28,Indonesia,1496085,40449,1331400,124236,4083,85,4279
409,2021-03-29,Indonesia,1501093,40581,1336818,123694,5008,132,5418
410,2021-03-30,Indonesia,1505775,40754,1342695,122326,4682,173,5877
411,2021-03-31,Indonesia,1511712,40858,1348330,122524,5937,104,5635
412,2021-04-01,Indonesia,1517854,41054,1355578,121222,6142,196,7248
413,2021-04-02,Indonesia,1523179,41151,1361017,121011,5325,97,5439
414,2021-04-03,Indonesia,1527524,41242,1366214,120068,4345,91,5197
415,2021-04-04,Indonesia,1534255,41669,1375877,116709,6731,427,9663
416,2021-04-05,Indonesia,1537967,41815,1381677,114475,3712,146,5800
417,2021-04-06,Indonesia,1542516,41977,1385973,114566,4549,162,4296
418,2021-04-07,Indonesia,1547376,42064,1391742,113570,4860,87,5769
419,2021-04-08,Indonesia,1552880,42227,1399382,111271,5504,163,7640
420,2021-04-09,Indonesia,1558145,42348,1405659,110138,5265,121,6277
421,2021-04-10,Indonesia,1562868,42443,1409288,111137,4723,95,3629
422,2021-04-11,Indonesia,1566995,42530,1414507,109958,4127,87,5219
423,2021-04-12,Indonesia,1571824,42656,1419796,109372,4829,126,5289
424,2021-04-13,Indonesia,1577526,42782,1426145,108599,5702,126,6349
425,2021-04-14,Indonesia,1583182,42906,1431892,108384,5656,124,5747
426,2021-04-15,Indonesia,1589359,43073,1438254,108032,6177,167,6362
427,2021-04-16,Indonesia,1594722,43196,1444229,107297,5363,123,5975
428,2021-04-17,Indonesia,1599763,43328,1450192,106243,5041,132,5963
429,2021-04-18,Indonesia,1604348,43424,1455065,105859,4585,96,4873
430,2021-04-19,Indonesia,1609300,43567,1461414,104319,4952,143,6349
431,2021-04-20,Indonesia,1614849,43777,1468142,102930,5549,210,6728
432,2021-04-21,Indonesia,1620569,44007,1475456,101106,5720,230,7314
433,2021-04-22,Indonesia,1626812,44172,1481449,101191,6243,165,5993
434,2021-04-23,Indonesia,1632248,44346,1487369,100533,5436,174,5920
435,2021-04-24,Indonesia,1636792,44500,1492322,99970,4544,154,4953
436,2021-04-25,Indonesia,1641194,44594,1496126,100474,4402,94,3804
437,2021-04-26,Indonesia,1647138,44771,1501715,100652,5944,177,5589
438,2021-04-27,Indonesia,1651794,44939,1506599,100256,4656,168,4884
439,2021-04-28,Indonesia,1657035,45116,1511417,100502,5241,177,4818
440,2021-04-29,Indonesia,1662868,45334,1517432,100102,5833,218,6015
441,2021-04-30,Indonesia,1668368,45521,1522634,100213,5500,187,5202
442,2021-05-01,Indonesia,1672880,45652,1526978,100250,4512,131,4344
443,2021-05-02,Indonesia,1677274,45796,1530718,100760,4394,144,3740
444,2021-05-03,Indonesia,1682004,45949,1535491,100564,4730,153,4773
445,2021-05-04,Indonesia,1686373,46137,1541149,99087,4369,188,5658
446,2021-05-05,Indonesia,1691658,46349,1547092,98217,5285,212,5943
447,2021-05-06,Indonesia,1697305,46496,1552532,98277,5647,147,5440
448,2021-05-07,Indonesia,1703632,46663,1558423,98546,6327,167,5891
449,2021-05-08,Indonesia,1709762,46842,1563917,99003,6130,179,5494
450,2021-05-09,Indonesia,1713684,47012,1568277,98395,3922,170,4360
451,2021-05-10,Indonesia,1718575,47218,1574615,96742,4891,206,6338
452,2021-05-11,Indonesia,1723596,47465,1580207,95924,5021,247,5592
453,2021-05-12,Indonesia,1728204,47617,1584878,95709,4608,152,4671
454,2021-05-13,Indonesia,1731652,47716,1589079,94857,3448,99,4201
455,2021-05-14,Indonesia,1734285,47823,1592886,93576,2633,107,3807
456,2021-05-15,Indonesia,1736670,47967,1597067,91636,2385,144,4181
457,2021-05-16,Indonesia,1739750,48093,1600857,90800,3080,126,3790
458,2021-05-17,Indonesia,1744045,48305,1606611,89129,4295,212,5754
459,2021-05-18,Indonesia,1748230,48477,1612239,87514,4185,172,5628
460,2021-05-19,Indonesia,1753101,48669,1616603,87829,4871,192,4364
461,2021-05-20,Indonesia,1758898,48887,1621572,88439,5797,218,4969
462,2021-05-21,Indonesia,1764644,49073,1626142,89429,5746,186,4570
463,2021-05-22,Indonesia,1769940,49205,1629495,91240,5296,132,3353
464,2021-05-23,Indonesia,1775220,49328,1633045,92847,5280,123,3550
465,2021-05-24,Indonesia,1781127,49455,1638279,93393,5907,127,5234
466,2021-05-25,Indonesia,1786187,49627,1642074,94486,5060,172,3795
467,2021-05-26,Indonesia,1791221,49771,1645263,96187,5034,144,3189
468,2021-05-27,Indonesia,1797499,49907,1649187,98405,6278,136,3924
469,2021-05-28,Indonesia,1803361,50100,1654557,98704,5862,193,5370
470,2021-05-29,Indonesia,1809926,50262,1659974,99690,6565,162,5417
471,2021-05-30,Indonesia,1816041,50404,1663998,101639,6115,142,4024
472,2021-05-31,Indonesia,1821703,50578,1669119,102006,5662,174,5121
473,2021-06-01,Indonesia,1826527,50723,1674479,101325,4824,145,5360
474,2021-06-02,Indonesia,1831773,50908,1680501,100364,5246,185,6022
475,2021-06-03,Indonesia,1837126,51095,1691593,94438,5353,187,11092
476,2021-06-04,Indonesia,1843612,51296,1697543,94773,6486,201,5950
477,2021-06-05,Indonesia,1850206,51449,1701784,96973,6594,153,4241
478,2021-06-06,Indonesia,1856038,51612,1705971,98455,5832,163,4187
479,2021-06-07,Indonesia,1863031,51803,1711565,99663,6993,191,5594
480,2021-06-08,Indonesia,1869325,51992,1717370,99963,6294,189,5805
481,2021-06-09,Indonesia,1877050,52162,1723253,101635,7725,170,5883
482,2021-06-10,Indonesia,1885942,52373,1728914,104655,8892,211,5661
483,2021-06-11,Indonesia,1894025,52566,1735144,106315,8083,193,6230
484,2021-06-12,Indonesia,1901490,52730,1740436,108324,7465,164,5292
485,2021-06-13,Indonesia,1911358,52879,1745091,113388,9868,149,4655
486,2021-06-14,Indonesia,1919547,53116,1751234,115197,8189,237,6143
487,2021-06-15,Indonesia,1927708,53280,1757641,116787,8161,164,6407
488,2021-06-16,Indonesia,1937652,53476,1763870,120306,9944,196,6229
489,2021-06-17,Indonesia,1950276,53753,1771220,125303,12624,277,7350
490,2021-06-18,Indonesia,1963266,54043,1779127,130096,12990,290,7907
491,2021-06-19,Indonesia,1976172,54291,1786143,135738,12906,248,7016
492,2021-06-20,Indonesia,1989909,54662,1792528,142719,13737,371,6385
493,2021-06-21,Indonesia,2004445,54956,1801761,147728,14536,294,9233
494,2021-06-22,Indonesia,2018113,55291,1810136,152686,13668,335,8375
495,2021-06-23,Indonesia,2033421,55594,1817303,160524,15308,303,7167
496,2021-06-24,Indonesia,2053995,55949,1826504,171542,20574,355,9201
497,2021-06-25,Indonesia,2072867,56371,1835061,181435,18872,422,8557
498,2021-06-26,Indonesia,2093962,56729,1842457,194776,21095,358,7396
499,2021-06-27,Indonesia,2115304,57138,1850481,207685,21342,409,8024
500,2021-06-28,Indonesia,2135998,57561,1859961,218476,20694,423,9480
501,2021-06-29,Indonesia,2156465,58024,1869606,228835,20467,463,9645
502,2021-06-30,Indonesia,2178272,58491,1880413,239368,21807,467,10807
503,2021-07-01,Indonesia,2203108,58995,1890287,253826,24836,504,9874
504,2021-07-02,Indonesia,2228938,59534,1901865,267539,25830,539,11578
505,2021-07-03,Indonesia,2256851,60027,1915147,281677,27913,493,13282
506,2021-07-04,Indonesia,2284084,60582,1928274,295228,27233,555,13127
507,2021-07-05,Indonesia,2313829,61140,1942690,309999,29745,558,14416
508,2021-07-06,Indonesia,2345018,61868,1958553,324597,31189,728,15863
509,2021-07-07,Indonesia,2379397,62908,1973388,343101,34379,1040,14835
510,2021-07-08,Indonesia,2417788,63760,1994573,359455,38391,852,21185
511,2021-07-09,Indonesia,2455912,64631,2023548,367733,38124,871,28975
512,2021-07-10,Indonesia,2491006,65457,2052109,373440,35094,826,28561
513,2021-07-11,Indonesia,2527203,66464,2084724,376015,36197,1007,32615
514,2021-07-12,Indonesia,2567630,67355,2119478,380797,40427,891,34754
515,2021-07-13,Indonesia,2615529,68219,2139601,407709,47899,864,20123
516,2021-07-14,Indonesia,2670046,69210,2157363,443473,54517,991,17762
517,2021-07-15,Indonesia,2726803,70192,2176412,480199,56757,982,19049
518,2021-07-16,Indonesia,2780803,71397,2204491,504915,54000,1205,28079
519,2021-07-17,Indonesia,2832755,72489,2232394,527872,51952,1092,27903
520,2021-07-18,Indonesia,2877476,73582,2261658,542236,44721,1093,29264
521,2021-07-19,Indonesia,2911733,74920,2293875,542938,34257,1338,32217
522,2021-07-20,Indonesia,2950058,76200,2323666,550192,38325,1280,29791
523,2021-07-21,Indonesia,2983830,77583,2356553,549694,33772,1383,32887
524,2021-07-22,Indonesia,3033339,79032,2392923,561384,49509,1449,36370
525,2021-07-23,Indonesia,3082410,80598,2431911,569901,49071,1566,38988
526,2021-07-24,Indonesia,3127826,82013,2471678,574135,45416,1415,39767
527,2021-07-25,Indonesia,3166505,83279,2509318,573908,38679,1266,37640
528,2021-07-26,Indonesia,3194733,84766,2549692,560275,28228,1487,40374
529,2021-07-27,Indonesia,3239936,86835,2596820,556281,45203,2069,47128
530,2021-07-28,Indonesia,3287727,88659,2640676,558392,47791,1824,43856
531,2021-07-29,Indonesia,3331206,90552,2686170,554484,43479,1893,45494
532,2021-07-30,Indonesia,3372374,92311,2730720,549343,41168,1759,44550
533,2021-07-31,Indonesia,3409658,94119,2770092,545447,37284,1808,39372
534,2021-08-01,Indonesia,3440396,95723,2809538,535135,30738,1604,39446
535,2021-08-02,Indonesia,3462800,97291,2842345,523164,22404,1568,32807
536,2021-08-03,Indonesia,3496700,98889,2873669,524142,33900,1598,31324
537,2021-08-04,Indonesia,3532567,100636,2907920,524011,35867,1747,34251
538,2021-08-05,Indonesia,3568331,102375,0,3465956,35764,1739,-2907920
539,2021-08-06,Indonesia,3607863,104010,0,3503853,39532,1635,0
540,2021-08-07,Indonesia,3639616,105598,0,3534018,31753,1588,0
541,2021-08-08,Indonesia,3666031,107096,0,3558935,26415,1498,0
542,2021-08-09,Indonesia,3686740,108571,0,3578169,20709,1475,0
543,2021-08-10,Indonesia,3718821,110619,0,3608202,32081,2048,0
544,2021-08-11,Indonesia,3749446,112198,0,3637248,30625,1579,0
545,2021-08-12,Indonesia,3774155,113664,0,3660491,24709,1466,0
546,2021-08-13,Indonesia,3804943,115096,0,3689847,30788,1432,0
547,2021-08-14,Indonesia,3833541,116366,0,3717175,28598,1270,0
548,2021-08-15,Indonesia,3854354,117588,0,3736766,20813,1222,0
549,2021-08-16,Indonesia,3871738,118833,0,3752905,17384,1245,0
550,2021-08-17,Indonesia,3892479,120013,0,3772466,20741,1180,0
551,2021-08-18,Indonesia,3908247,121141,0,3787106,15768,1128,0
552,2021-08-19,Indonesia,3930300,122633,0,3807667,22053,1492,0
553,2021-08-20,Indonesia,3950304,123981,0,3826323,20004,1348,0
554,2021-08-21,Indonesia,3967048,125342,0,3841706,16744,1361,0
555,2021-08-22,Indonesia,3979456,126372,0,3853084,12408,1030,0
556,2021-08-23,Indonesia,3989060,127214,0,3861846,9604,842,0
557,2021-08-24,Indonesia,4008166,128252,0,3879914,19106,1038,0
558,2021-08-25,Indonesia,4026837,129293,0,3897544,18671,1041,0
559,2021-08-26,Indonesia,4043736,130182,0,3913554,16899,889,0
560,2021-08-27,Indonesia,4056354,130781,0,3925573,12618,599,0
561,2021-08-28,Indonesia,4066404,131372,0,3935032,10050,591,0
562,2021-08-29,Indonesia,4073831,131923,0,3941908,7427,551,0
563,2021-08-30,Indonesia,4079267,132491,0,3946776,5436,568,0
564,2021-08-31,Indonesia,4089801,133023,0,3956778,10534,532,0
565,2021-09-01,Indonesia,4100138,133676,0,3966462,10337,653,0
566,2021-09-02,Indonesia,4109093,134303,0,3966462,8955,627,0
567,2021-09-03,Indonesia,4116890,134930,0,3981960,7797,627,0
568,2021-09-04,Indonesia,4123617,135469,0,3988148,6727,539,0
569,2021-09-05,Indonesia,4129020,135861,0,3993159,5403,392,0
570,2021-09-06,Indonesia,4133433,136473,0,3996960,4413,612,0
571,2021-09-07,Indonesia,4140634,137156,0,4003478,7201,683,0
572,2021-09-08,Indonesia,4147365,137782,0,4009583,6731,626,0
573,2021-09-09,Indonesia,4153355,138116,0,4015239,5990,334,0
574,2021-09-10,Indonesia,4158731,138431,0,4020300,5376,315,0
575,2021-09-11,Indonesia,4163732,138701,0,4025031,5001,270,0
576,2021-09-12,Indonesia,4167511,138889,0,4028622,3779,188,0
577,2021-09-13,Indonesia,4170088,139165,0,4030923,2577,276,0
578,2021-09-14,Indonesia,4174216,139415,0,4034801,4128,250,0
579,2021-09-15,Indonesia,4178164,139682,0,4038482,3948,267,0